{
  "project_info": {
    "project_number": "1082795848545",
    "firebase_url": "https://onesignal-e0f07.firebaseio.com",
    "project_id": "onesignal-e0f07",
    "storage_bucket": "onesignal-e0f07.appspot.com"
  },
  "client": [
    {
      "client_info": {
        "mobilesdk_app_id": "1:1082795848545:android:37fb51944ca88b0f",
        "android_client_info": {
          "package_name": "com.onesignal.example"
        }
      },
      "oauth_client": [
        {
          "client_id": "1082795848545-d5tuqrrmrjpl2qcifhmsovt4m4nplgas.apps.googleusercontent.com",
          "client_type": 3
        }
      ],
      "api_key": [
        {
          "current_key": "AIzaSyDYJTrByKu1yW11z5Esxa3WW-aic17ltRY"
        }
      ],
      "services": {
        "analytics_service": {
          "status": 1
        },
        "appinvite_service": {
          "status": 1,
          "other_platform_oauth_client": []
        },
        "ads_service": {
          "status": 2
        }
      }
    }
  ],
  "configuration_version": "1"
}